# Contadores a dar de alta en ChirpStack (el contenedor los carga al arrancar;
# sin reiniciar: docker exec chirpstack-contadores provisionar).
# Generado con herramientas/excel-a-csv.py a partir del Excel del vendedor.
# Una línea por contador; las que empiezan por # se ignoran.
#
# devEui y joinEui: 16 caracteres hex. appKey: 32 caracteres hex.
# nwkKey: solo para LoRaWAN 1.1 (vacío en 1.0.x).
#
# devEui,joinEui,appKey,nwkKey,nombre,descripcion
0080152609010001,6d65697368756f6b,0930fcfb4ab7dd793259ecd6607f95b8,,DN15 80152609010001,Contador DN15
0080152609010002,6d65697368756f6b,0930fcfb4ab7dd793259ecd6607f95b8,,DN15 80152609010002,Contador DN15
0080152609010003,6d65697368756f6b,0930fcfb4ab7dd793259ecd6607f95b8,,DN15 80152609010003,Contador DN15
0080152609010004,6d65697368756f6b,0930fcfb4ab7dd793259ecd6607f95b8,,DN15 80152609010004,Contador DN15
0080152609010005,6d65697368756f6b,0930fcfb4ab7dd793259ecd6607f95b8,,DN15 80152609010005,Contador DN15
0080152609010006,6d65697368756f6b,0930fcfb4ab7dd793259ecd6607f95b8,,DN15 80152609010006,Contador DN15
0080152609010007,6d65697368756f6b,0930fcfb4ab7dd793259ecd6607f95b8,,DN15 80152609010007,Contador DN15
0080152609010008,6d65697368756f6b,0930fcfb4ab7dd793259ecd6607f95b8,,DN15 80152609010008,Contador DN15
0080152609010009,6d65697368756f6b,0930fcfb4ab7dd793259ecd6607f95b8,,DN15 80152609010009,Contador DN15
0080152609010010,6d65697368756f6b,0930fcfb4ab7dd793259ecd6607f95b8,,DN15 80152609010010,Contador DN15
0080152609010011,6d65697368756f6b,0930fcfb4ab7dd793259ecd6607f95b8,,DN15 80152609010011,Contador DN15
0080152609010012,6d65697368756f6b,0930fcfb4ab7dd793259ecd6607f95b8,,DN15 80152609010012,Contador DN15
0080152609010013,6d65697368756f6b,0930fcfb4ab7dd793259ecd6607f95b8,,DN15 80152609010013,Contador DN15
0080152609010014,6d65697368756f6b,0930fcfb4ab7dd793259ecd6607f95b8,,DN15 80152609010014,Contador DN15
0080152609010015,6d65697368756f6b,0930fcfb4ab7dd793259ecd6607f95b8,,DN15 80152609010015,Contador DN15
0080152609010017,6d65697368756f6b,0930fcfb4ab7dd793259ecd6607f95b8,,DN15 80152609010017,Contador DN15
0080152609010018,6d65697368756f6b,0930fcfb4ab7dd793259ecd6607f95b8,,DN15 80152609010018,Contador DN15
0080152609010019,6d65697368756f6b,0930fcfb4ab7dd793259ecd6607f95b8,,DN15 80152609010019,Contador DN15
0080152609010020,6d65697368756f6b,0930fcfb4ab7dd793259ecd6607f95b8,,DN15 80152609010020,Contador DN15
0080152609010021,6d65697368756f6b,0930fcfb4ab7dd793259ecd6607f95b8,,DN15 80152609010021,Contador DN15
0080152609010022,6d65697368756f6b,0930fcfb4ab7dd793259ecd6607f95b8,,DN15 80152609010022,Contador DN15
0080152609010023,6d65697368756f6b,0930fcfb4ab7dd793259ecd6607f95b8,,DN15 80152609010023,Contador DN15
0080152609010024,6d65697368756f6b,0930fcfb4ab7dd793259ecd6607f95b8,,DN15 80152609010024,Contador DN15
0080152609010025,6d65697368756f6b,0930fcfb4ab7dd793259ecd6607f95b8,,DN15 80152609010025,Contador DN15
0080152609010027,6d65697368756f6b,0930fcfb4ab7dd793259ecd6607f95b8,,DN15 80152609010027,Contador DN15
0080152609010028,6d65697368756f6b,0930fcfb4ab7dd793259ecd6607f95b8,,DN15 80152609010028,Contador DN15
0080152609010030,6d65697368756f6b,0930fcfb4ab7dd793259ecd6607f95b8,,DN15 80152609010030,Contador DN15
0080152609010031,6d65697368756f6b,0930fcfb4ab7dd793259ecd6607f95b8,,DN15 80152609010031,Contador DN15
0080152609010032,6d65697368756f6b,0930fcfb4ab7dd793259ecd6607f95b8,,DN15 80152609010032,Contador DN15
0080152609010033,6d65697368756f6b,0930fcfb4ab7dd793259ecd6607f95b8,,DN15 80152609010033,Contador DN15
0080152609010034,6d65697368756f6b,0930fcfb4ab7dd793259ecd6607f95b8,,DN15 80152609010034,Contador DN15
0080152609010035,6d65697368756f6b,0930fcfb4ab7dd793259ecd6607f95b8,,DN15 80152609010035,Contador DN15
0080152609010036,6d65697368756f6b,0930fcfb4ab7dd793259ecd6607f95b8,,DN15 80152609010036,Contador DN15
0080152609010037,6d65697368756f6b,0930fcfb4ab7dd793259ecd6607f95b8,,DN15 80152609010037,Contador DN15
0080152609010038,6d65697368756f6b,0930fcfb4ab7dd793259ecd6607f95b8,,DN15 80152609010038,Contador DN15
0080152609010039,6d65697368756f6b,0930fcfb4ab7dd793259ecd6607f95b8,,DN15 80152609010039,Contador DN15
0080152609010040,6d65697368756f6b,0930fcfb4ab7dd793259ecd6607f95b8,,DN15 80152609010040,Contador DN15
0080152609010041,6d65697368756f6b,0930fcfb4ab7dd793259ecd6607f95b8,,DN15 80152609010041,Contador DN15
0080152609010042,6d65697368756f6b,0930fcfb4ab7dd793259ecd6607f95b8,,DN15 80152609010042,Contador DN15
0080152609010043,6d65697368756f6b,0930fcfb4ab7dd793259ecd6607f95b8,,DN15 80152609010043,Contador DN15
0080152609010045,6d65697368756f6b,0930fcfb4ab7dd793259ecd6607f95b8,,DN15 80152609010045,Contador DN15
0080152609010046,6d65697368756f6b,0930fcfb4ab7dd793259ecd6607f95b8,,DN15 80152609010046,Contador DN15
0080152609010047,6d65697368756f6b,0930fcfb4ab7dd793259ecd6607f95b8,,DN15 80152609010047,Contador DN15
0080152609010048,6d65697368756f6b,0930fcfb4ab7dd793259ecd6607f95b8,,DN15 80152609010048,Contador DN15
0080152609010049,6d65697368756f6b,0930fcfb4ab7dd793259ecd6607f95b8,,DN15 80152609010049,Contador DN15
0080152609010051,6d65697368756f6b,0930fcfb4ab7dd793259ecd6607f95b8,,DN15 80152609010051,Contador DN15
0080152609010052,6d65697368756f6b,0930fcfb4ab7dd793259ecd6607f95b8,,DN15 80152609010052,Contador DN15
0080152609010053,6d65697368756f6b,0930fcfb4ab7dd793259ecd6607f95b8,,DN15 80152609010053,Contador DN15
0080152609010054,6d65697368756f6b,0930fcfb4ab7dd793259ecd6607f95b8,,DN15 80152609010054,Contador DN15
0080152609010055,6d65697368756f6b,0930fcfb4ab7dd793259ecd6607f95b8,,DN15 80152609010055,Contador DN15
0080202609010001,6d65697368756f6b,0930fcfb4ab7dd793259ecd6607f95b8,,DN20 80202609010001,Contador DN20
0080202609010002,6d65697368756f6b,0930fcfb4ab7dd793259ecd6607f95b8,,DN20 80202609010002,Contador DN20
0080202609010003,6d65697368756f6b,0930fcfb4ab7dd793259ecd6607f95b8,,DN20 80202609010003,Contador DN20
0080202609010004,6d65697368756f6b,0930fcfb4ab7dd793259ecd6607f95b8,,DN20 80202609010004,Contador DN20
0080202609010005,6d65697368756f6b,0930fcfb4ab7dd793259ecd6607f95b8,,DN20 80202609010005,Contador DN20
0080202609010006,6d65697368756f6b,0930fcfb4ab7dd793259ecd6607f95b8,,DN20 80202609010006,Contador DN20
0080202609010007,6d65697368756f6b,0930fcfb4ab7dd793259ecd6607f95b8,,DN20 80202609010007,Contador DN20
0080202609010008,6d65697368756f6b,0930fcfb4ab7dd793259ecd6607f95b8,,DN20 80202609010008,Contador DN20
0080202609010010,6d65697368756f6b,0930fcfb4ab7dd793259ecd6607f95b8,,DN20 80202609010010,Contador DN20
0080202609010011,6d65697368756f6b,0930fcfb4ab7dd793259ecd6607f95b8,,DN20 80202609010011,Contador DN20
0080202609010012,6d65697368756f6b,0930fcfb4ab7dd793259ecd6607f95b8,,DN20 80202609010012,Contador DN20
0080202609010013,6d65697368756f6b,0930fcfb4ab7dd793259ecd6607f95b8,,DN20 80202609010013,Contador DN20
0080202609010014,6d65697368756f6b,0930fcfb4ab7dd793259ecd6607f95b8,,DN20 80202609010014,Contador DN20
0080202609010015,6d65697368756f6b,0930fcfb4ab7dd793259ecd6607f95b8,,DN20 80202609010015,Contador DN20
0080202609010016,6d65697368756f6b,0930fcfb4ab7dd793259ecd6607f95b8,,DN20 80202609010016,Contador DN20
0080202609010017,6d65697368756f6b,0930fcfb4ab7dd793259ecd6607f95b8,,DN20 80202609010017,Contador DN20
0080202609010018,6d65697368756f6b,0930fcfb4ab7dd793259ecd6607f95b8,,DN20 80202609010018,Contador DN20
0080202609010019,6d65697368756f6b,0930fcfb4ab7dd793259ecd6607f95b8,,DN20 80202609010019,Contador DN20
0080202609010020,6d65697368756f6b,0930fcfb4ab7dd793259ecd6607f95b8,,DN20 80202609010020,Contador DN20
0080202609010021,6d65697368756f6b,0930fcfb4ab7dd793259ecd6607f95b8,,DN20 80202609010021,Contador DN20
0080202609010022,6d65697368756f6b,0930fcfb4ab7dd793259ecd6607f95b8,,DN20 80202609010022,Contador DN20
0080202609010024,6d65697368756f6b,0930fcfb4ab7dd793259ecd6607f95b8,,DN20 80202609010024,Contador DN20
0080202609010025,6d65697368756f6b,0930fcfb4ab7dd793259ecd6607f95b8,,DN20 80202609010025,Contador DN20
0080202609010026,6d65697368756f6b,0930fcfb4ab7dd793259ecd6607f95b8,,DN20 80202609010026,Contador DN20
0080202609010027,6d65697368756f6b,0930fcfb4ab7dd793259ecd6607f95b8,,DN20 80202609010027,Contador DN20
0080202609010028,6d65697368756f6b,0930fcfb4ab7dd793259ecd6607f95b8,,DN20 80202609010028,Contador DN20
0080202609010029,6d65697368756f6b,0930fcfb4ab7dd793259ecd6607f95b8,,DN20 80202609010029,Contador DN20
0080202609010030,6d65697368756f6b,0930fcfb4ab7dd793259ecd6607f95b8,,DN20 80202609010030,Contador DN20
0080202609010031,6d65697368756f6b,0930fcfb4ab7dd793259ecd6607f95b8,,DN20 80202609010031,Contador DN20
0080202609010032,6d65697368756f6b,0930fcfb4ab7dd793259ecd6607f95b8,,DN20 80202609010032,Contador DN20
0080202609010033,6d65697368756f6b,0930fcfb4ab7dd793259ecd6607f95b8,,DN20 80202609010033,Contador DN20
0080202609010034,6d65697368756f6b,0930fcfb4ab7dd793259ecd6607f95b8,,DN20 80202609010034,Contador DN20
0080202609010036,6d65697368756f6b,0930fcfb4ab7dd793259ecd6607f95b8,,DN20 80202609010036,Contador DN20
0080202609010037,6d65697368756f6b,0930fcfb4ab7dd793259ecd6607f95b8,,DN20 80202609010037,Contador DN20
0080202609010038,6d65697368756f6b,0930fcfb4ab7dd793259ecd6607f95b8,,DN20 80202609010038,Contador DN20
0080202609010039,6d65697368756f6b,0930fcfb4ab7dd793259ecd6607f95b8,,DN20 80202609010039,Contador DN20
0080202609010040,6d65697368756f6b,0930fcfb4ab7dd793259ecd6607f95b8,,DN20 80202609010040,Contador DN20
0080202609010041,6d65697368756f6b,0930fcfb4ab7dd793259ecd6607f95b8,,DN20 80202609010041,Contador DN20
0080202609010042,6d65697368756f6b,0930fcfb4ab7dd793259ecd6607f95b8,,DN20 80202609010042,Contador DN20
0080202609010043,6d65697368756f6b,0930fcfb4ab7dd793259ecd6607f95b8,,DN20 80202609010043,Contador DN20
0080202609010044,6d65697368756f6b,0930fcfb4ab7dd793259ecd6607f95b8,,DN20 80202609010044,Contador DN20
0080202609010045,6d65697368756f6b,0930fcfb4ab7dd793259ecd6607f95b8,,DN20 80202609010045,Contador DN20
0080202609010046,6d65697368756f6b,0930fcfb4ab7dd793259ecd6607f95b8,,DN20 80202609010046,Contador DN20
0080202609010048,6d65697368756f6b,0930fcfb4ab7dd793259ecd6607f95b8,,DN20 80202609010048,Contador DN20
0080202609010049,6d65697368756f6b,0930fcfb4ab7dd793259ecd6607f95b8,,DN20 80202609010049,Contador DN20
0080202609010050,6d65697368756f6b,0930fcfb4ab7dd793259ecd6607f95b8,,DN20 80202609010050,Contador DN20
0080202609010051,6d65697368756f6b,0930fcfb4ab7dd793259ecd6607f95b8,,DN20 80202609010051,Contador DN20
0080202609010052,6d65697368756f6b,0930fcfb4ab7dd793259ecd6607f95b8,,DN20 80202609010052,Contador DN20
0080202609010053,6d65697368756f6b,0930fcfb4ab7dd793259ecd6607f95b8,,DN20 80202609010053,Contador DN20
0080202609010054,6d65697368756f6b,0930fcfb4ab7dd793259ecd6607f95b8,,DN20 80202609010054,Contador DN20
